<?xml version="1.0" encoding="UTF-8"?>
<sltp_editor version="1.1" packageUris="http://schema.mathworks.com/mf0/DiagramEditor/R2019a_20181107 http://schema.mathworks.com/mf0/SltpSyntax/R2022b_202203181006">
  <sltp.mm.syntax.Context type="sltp.mm.syntax.Context" uuid="7bd73a50-b869-48c3-8a44-6397a5025663">
    <rootGraph type="sltp.mm.syntax.Graph" uuid="a6705287-58f7-4fc0-811f-3645d26e0285">
      <children type="sltp.mm.syntax.Node" uuid="475a3316-c153-4c3f-9722-1550f13de3ff">
        <priority>40</priority>
        <rates type="sltp.mm.syntax.RateData">
          <color>#000000</color>
          <rate>0</rate>
        </rates>
        <title>Cont</title>
        <type>base</type>
        <diagramElement type="diagram.editor.model.Entity" uuid="7c3f34d4-c2e9-4b93-b0ee-60e8eda855d4"/>
        <subgraph type="sltp.mm.syntax.Graph" uuid="99df5222-c360-409d-add6-afba74ee99e3">
          <title>Cont</title>
          <diagramElement type="diagram.editor.model.Diagram" uuid="caa9581b-921f-41a5-9319-11759123a60a"/>
        </subgraph>
      </children>
      <title>Default</title>
      <diagramElement type="diagram.editor.model.Diagram" uuid="5e301af8-12d3-4d55-a986-bcc58819d9d5"/>
    </rootGraph>
  </sltp.mm.syntax.Context>
  <diagram.editor.model.Diagram type="diagram.editor.model.Diagram" uuid="5e301af8-12d3-4d55-a986-bcc58819d9d5">
    <entities type="diagram.editor.model.Entity" uuid="7c3f34d4-c2e9-4b93-b0ee-60e8eda855d4">
      <position>0,0</position>
      <size>0,0,0,0</size>
      <syntaxElement type="sltp.mm.syntax.Node" uuid="475a3316-c153-4c3f-9722-1550f13de3ff"/>
      <title>Cont</title>
      <type>base</type>
      <subDiagram type="diagram.editor.model.Diagram" uuid="caa9581b-921f-41a5-9319-11759123a60a">
        <position>0,0</position>
        <syntaxElement type="sltp.mm.syntax.Graph" uuid="99df5222-c360-409d-add6-afba74ee99e3"/>
        <title>Cont</title>
        <type>graph.Graph</type>
      </subDiagram>
    </entities>
    <syntaxElement type="sltp.mm.syntax.Graph" uuid="a6705287-58f7-4fc0-811f-3645d26e0285"/>
    <title>Default</title>
    <type>graph.Graph</type>
  </diagram.editor.model.Diagram>
</sltp_editor>