<?xml version="1.0" encoding="UTF-8"?>
<sltp_graph version="1.1" packageUris="http://schema.mathworks.com/mf0/sltp_mm/R2022b_202203181029">
  <sltp.mm.core.Context type="sltp.mm.core.Context" uuid="de05e4e8-d8c5-4009-b591-24635acf01e6">
    <priorityDirection>HighNumberLast</priorityDirection>
    <editorState type="sltp.mm.core.EditorState" uuid="c10c48b9-050a-4c2e-9625-e1abca4feaad">
      <panelState type="sltp.mm.core.EditorPanelState" uuid="5201ec29-d860-4a9c-91ad-6517356a39e8"/>
    </editorState>
    <rootTask type="sltp.mm.core.Task" uuid="367f43fe-97b9-4115-9e5b-1b0a8059c28d">
      <context type="sltp.mm.core.Context" uuid="de05e4e8-d8c5-4009-b591-24635acf01e6"/>
      <explicit>false</explicit>
      <name>Default</name>
      <priority>-2147483648</priority>
      <subgraph type="sltp.mm.core.Graph" uuid="0c22bb9e-6e97-4df1-9d00-31ba80b6d4c9">
        <tasks type="sltp.mm.core.Task" uuid="fc0a9f42-34ca-4f28-90ec-071b6348b4bb">
          <baseTask>true</baseTask>
          <context type="sltp.mm.core.Context" uuid="de05e4e8-d8c5-4009-b591-24635acf01e6"/>
          <explicit>false</explicit>
          <id>1</id>
          <isTimed>true</isTimed>
          <name>Cont</name>
          <priority>40</priority>
          <rates type="sltp.mm.core.Rate" uuid="a6028d42-96c5-441c-8253-8dd6feb01bb9">
            <color>255</color>
            <identifier>Continuous00</identifier>
            <rateSpec type="sltp.mm.core.RateSpec">
              <period>0.0</period>
            </rateSpec>
          </rates>
        </tasks>
      </subgraph>
    </rootTask>
  </sltp.mm.core.Context>
</sltp_graph>