<?xml version="1.0" encoding="utf-8"?>
<System>
  <P Name="Location">[223, 338, 826, 833]</P>
  <P Name="SIDHighWatermark">25</P>
  <Block BlockType="Inport" Name="ctrlLaw" SID="13::1">
    <P Name="Position">[20, 101, 40, 119]</P>
    <P Name="ZOrder">-1</P>
    <PortProperties>
      <Port Type="out" Index="1">
        <P Name="PropagatedSignals">ctrlLaw</P>
      </Port>
    </PortProperties>
  </Block>
  <Block BlockType="Demux" Name=" Demux " SID="13::23">
    <PortCounts in="1" out="1"/>
    <P Name="Position">[270, 230, 320, 270]</P>
    <P Name="ZOrder">14</P>
    <P Name="Outputs">1</P>
  </Block>
  <Block BlockType="S-Function" Name=" SFunction " SID="13::22">
    <P Name="Tag">Stateflow S-Function 6</P>
    <PortCounts in="1" out="3"/>
    <P Name="Position">[180, 100, 230, 180]</P>
    <P Name="ZOrder">13</P>
    <P Name="FunctionName">sf_sfun</P>
    <P Name="PortCounts">[1 3]</P>
    <P Name="SFunctionDeploymentMode">off</P>
    <P Name="EnableBusSupport">on</P>
    <P Name="SFcnIsStateOwnerBlock">off</P>
    <PortProperties>
      <Port Type="out" Index="2">
        <P Name="Name">plant_tf</P>
      </Port>
      <Port Type="out" Index="3">
        <P Name="Name">pValue</P>
      </Port>
    </PortProperties>
  </Block>
  <Block BlockType="Terminator" Name=" Terminator " SID="13::24">
    <P Name="Position">[460, 241, 480, 259]</P>
    <P Name="ZOrder">15</P>
  </Block>
  <Block BlockType="Outport" Name="plant_tf" SID="13::5">
    <P Name="Position">[460, 101, 480, 119]</P>
    <P Name="ZOrder">-5</P>
  </Block>
  <Block BlockType="Outport" Name="pValue" SID="13::25">
    <P Name="Position">[460, 136, 480, 154]</P>
    <P Name="ZOrder">16</P>
    <P Name="Port">2</P>
  </Block>
  <Line>
    <P Name="ZOrder">5</P>
    <P Name="Src">13::1#out:1</P>
    <P Name="Points">[67, 0; 0, 30]</P>
    <P Name="Dst">13::22#in:1</P>
  </Line>
  <Line>
    <P Name="Name">plant_tf</P>
    <P Name="ZOrder">6</P>
    <P Name="Labels">[0, 0]</P>
    <P Name="Src">13::22#out:2</P>
    <P Name="Points">[72, 0; 0, -30]</P>
    <P Name="Dst">13::5#in:1</P>
  </Line>
  <Line>
    <P Name="Name">pValue</P>
    <P Name="ZOrder">7</P>
    <P Name="Labels">[0, 0]</P>
    <P Name="Src">13::22#out:3</P>
    <P Name="Points">[145, 0; 0, -20]</P>
    <P Name="Dst">13::25#in:1</P>
  </Line>
  <Line>
    <P Name="ZOrder">8</P>
    <P Name="Src">13::23#out:1</P>
    <P Name="Dst">13::24#in:1</P>
  </Line>
  <Line>
    <P Name="ZOrder">9</P>
    <P Name="Src">13::22#out:1</P>
    <P Name="Points">[15, 0; 0, 135]</P>
    <P Name="Dst">13::23#in:1</P>
  </Line>
</System>
