<?xml version="1.0" encoding="utf-8"?>
<System>
  <P Name="Location">[-247, 68, 1119, 813]</P>
  <P Name="Open">on</P>
  <P Name="ZoomFactor">150</P>
  <Block BlockType="Inport" Name="u" SID="6">
    <P Name="Position">[40, 38, 70, 52]</P>
    <P Name="ZOrder">5</P>
    <PortProperties>
      <Port Type="out" Index="1">
        <P Name="PropagatedSignals">C</P>
      </Port>
    </PortProperties>
  </Block>
  <Block BlockType="MATLABFcn" Name="Interpreted MATLAB&#xA;Function" SID="15">
    <PortCounts in="1" out="1"/>
    <P Name="Position">[105, -135, 235, -95]</P>
    <P Name="ZOrder">308</P>
    <P Name="MATLABFcn">Gr_Tf</P>
    <P Name="OutputDimensions">2</P>
  </Block>
  <Block BlockType="SubSystem" Name="MATLAB Function" SID="12">
    <PortCounts in="3" out="1"/>
    <P Name="Position">[600, 21, 670, 69]</P>
    <P Name="ZOrder">305</P>
    <P Name="LibrarySourceBlock">simulink/User-Defined
Functions/MATLAB Function</P>
    <P Name="ErrorFcn">Stateflow.Translate.translate</P>
    <P Name="PermitHierarchicalResolution">ExplicitOnly</P>
    <P Name="TreatAsAtomicUnit">on</P>
    <P Name="SFBlockType">MATLAB Function</P>
    <P Name="ContentPreviewEnabled">on</P>
    <PortProperties>
      <Port Type="out" Index="1">
        <P Name="PropagatedSignals">tfM</P>
      </Port>
    </PortProperties>
    <System Ref="system_12"/>
  </Block>
  <Block BlockType="SubSystem" Name="MATLAB Function1" SID="13">
    <PortCounts in="1" out="2"/>
    <P Name="Position">[260, -9, 360, 69]</P>
    <P Name="ZOrder">306</P>
    <P Name="LibrarySourceBlock">simulink/User-Defined
Functions/MATLAB Function</P>
    <P Name="ErrorFcn">Stateflow.Translate.translate</P>
    <P Name="PermitHierarchicalResolution">ExplicitOnly</P>
    <P Name="TreatAsAtomicUnit">on</P>
    <P Name="SFBlockType">MATLAB Function</P>
    <P Name="ContentPreviewEnabled">on</P>
    <PortProperties>
      <Port Type="out" Index="1">
        <P Name="PropagatedSignals">plant_tf</P>
      </Port>
      <Port Type="out" Index="2">
        <P Name="PropagatedSignals">pValue</P>
      </Port>
    </PortProperties>
    <System Ref="system_13"/>
  </Block>
  <Block BlockType="SubSystem" Name="Observability Graph" SID="4">
    <PortCounts in="1" out="2"/>
    <P Name="Position">[395, 24, 480, 71]</P>
    <P Name="ZOrder">4</P>
    <P Name="LibrarySourceBlock">simulink/User-Defined
Functions/MATLAB Function</P>
    <P Name="ErrorFcn">Stateflow.Translate.translate</P>
    <P Name="PermitHierarchicalResolution">ExplicitOnly</P>
    <P Name="TreatAsAtomicUnit">on</P>
    <P Name="SFBlockType">MATLAB Function</P>
    <P Name="ContentPreviewEnabled">on</P>
    <PortProperties>
      <Port Type="out" Index="1">
        <P Name="PropagatedSignals">pValue</P>
      </Port>
      <Port Type="out" Index="2">
        <P Name="PropagatedSignals">tf</P>
      </Port>
    </PortProperties>
    <System Ref="system_4"/>
  </Block>
  <Block BlockType="SubSystem" Name="Reachability Graph" SID="1">
    <PortCounts in="1" out="2"/>
    <P Name="Position">[105, -6, 195, 41]</P>
    <P Name="ZOrder">1</P>
    <P Name="LibrarySourceBlock">simulink/User-Defined
Functions/MATLAB Function</P>
    <P Name="ErrorFcn">Stateflow.Translate.translate</P>
    <P Name="PermitHierarchicalResolution">ExplicitOnly</P>
    <P Name="TreatAsAtomicUnit">on</P>
    <P Name="SFBlockType">MATLAB Function</P>
    <P Name="ContentPreviewEnabled">on</P>
    <PortProperties>
      <Port Type="out" Index="1">
        <P Name="PropagatedSignals">ctrlLaw</P>
      </Port>
      <Port Type="out" Index="2">
        <P Name="PropagatedSignals">tf</P>
      </Port>
    </PortProperties>
    <System Ref="system_1"/>
  </Block>
  <Block BlockType="Outport" Name="y" SID="7">
    <P Name="Position">[705, 38, 735, 52]</P>
    <P Name="ZOrder">6</P>
  </Block>
  <Block BlockType="Outport" Name="Output" SID="14">
    <P Name="Position">[515, 28, 545, 42]</P>
    <P Name="ZOrder">307</P>
    <P Name="Port">2</P>
  </Block>
  <Line>
    <P Name="ZOrder">18</P>
    <P Name="Src">1#out:1</P>
    <P Name="Points">[24, 0; 0, 25]</P>
    <P Name="Dst">13#in:1</P>
  </Line>
  <Line>
    <P Name="ZOrder">23</P>
    <P Name="Src">13#out:2</P>
    <P Name="Dst">4#in:1</P>
  </Line>
  <Line>
    <P Name="ZOrder">32</P>
    <P Name="Src">13#out:1</P>
    <P Name="Points">[208, 0; 0, 35]</P>
    <P Name="Dst">12#in:2</P>
  </Line>
  <Line>
    <P Name="ZOrder">33</P>
    <P Name="Src">1#out:2</P>
    <P Name="Points">[16, 0; 0, 75; 343, 0; 0, -75]</P>
    <P Name="Dst">12#in:1</P>
  </Line>
  <Line>
    <P Name="ZOrder">34</P>
    <P Name="Src">4#out:2</P>
    <P Name="Dst">12#in:3</P>
  </Line>
  <Line>
    <P Name="ZOrder">37</P>
    <P Name="Src">4#out:1</P>
    <P Name="Dst">14#in:1</P>
  </Line>
  <Line>
    <P Name="ZOrder">38</P>
    <P Name="Src">12#out:1</P>
    <P Name="Dst">7#in:1</P>
  </Line>
  <Line>
    <P Name="ZOrder">45</P>
    <P Name="Src">6#out:1</P>
    <P Name="Points">[13, 0; 0, -160]</P>
    <P Name="Dst">15#in:1</P>
  </Line>
</System>
