<?xml version="1.0" encoding="utf-8"?>
<System>
  <P Name="Location">[223, 338, 826, 833]</P>
  <P Name="SIDHighWatermark">27</P>
  <Block BlockType="Inport" Name="ctrlLaw " SID="1::26">
    <P Name="Position">[20, 101, 40, 119]</P>
    <P Name="ZOrder">17</P>
    <PortProperties>
      <Port Type="out" Index="1">
        <P Name="PropagatedSignals">C</P>
      </Port>
    </PortProperties>
  </Block>
  <Block BlockType="Demux" Name=" Demux " SID="1::23">
    <PortCounts in="1" out="1"/>
    <P Name="Position">[270, 230, 320, 270]</P>
    <P Name="ZOrder">14</P>
    <P Name="Outputs">1</P>
  </Block>
  <Block BlockType="S-Function" Name=" SFunction " SID="1::22">
    <P Name="Tag">Stateflow S-Function 2</P>
    <PortCounts in="1" out="3"/>
    <P Name="Position">[180, 100, 230, 180]</P>
    <P Name="ZOrder">13</P>
    <P Name="FunctionName">sf_sfun</P>
    <P Name="PortCounts">[1 3]</P>
    <P Name="SFunctionDeploymentMode">off</P>
    <P Name="EnableBusSupport">on</P>
    <P Name="SFcnIsStateOwnerBlock">off</P>
    <PortProperties>
      <Port Type="out" Index="2">
        <P Name="Name">ctrlLaw</P>
      </Port>
      <Port Type="out" Index="3">
        <P Name="Name">tf</P>
      </Port>
    </PortProperties>
  </Block>
  <Block BlockType="Terminator" Name=" Terminator " SID="1::24">
    <P Name="Position">[460, 241, 480, 259]</P>
    <P Name="ZOrder">15</P>
  </Block>
  <Block BlockType="Outport" Name="ctrlLaw" SID="1::27">
    <P Name="Position">[460, 101, 480, 119]</P>
    <P Name="ZOrder">18</P>
  </Block>
  <Block BlockType="Outport" Name="tf" SID="1::5">
    <P Name="Position">[460, 136, 480, 154]</P>
    <P Name="ZOrder">-5</P>
    <P Name="Port">2</P>
  </Block>
  <Line>
    <P Name="ZOrder">26</P>
    <P Name="Src">1::26#out:1</P>
    <P Name="Dst">1::22#in:1</P>
  </Line>
  <Line>
    <P Name="Name">ctrlLaw</P>
    <P Name="ZOrder">27</P>
    <P Name="Labels">[0, 0]</P>
    <P Name="Src">1::22#out:2</P>
    <P Name="Points">[75, 0; 0, -30]</P>
    <P Name="Dst">1::27#in:1</P>
  </Line>
  <Line>
    <P Name="Name">tf</P>
    <P Name="ZOrder">28</P>
    <P Name="Labels">[0, 0]</P>
    <P Name="Src">1::22#out:3</P>
    <P Name="Points">[147, 0; 0, -20]</P>
    <P Name="Dst">1::5#in:1</P>
  </Line>
  <Line>
    <P Name="ZOrder">29</P>
    <P Name="Src">1::23#out:1</P>
    <P Name="Dst">1::24#in:1</P>
  </Line>
  <Line>
    <P Name="ZOrder">30</P>
    <P Name="Src">1::22#out:1</P>
    <P Name="Dst">1::23#in:1</P>
  </Line>
</System>
