<?xml version="1.0" encoding="utf-8"?>
<System>
  <P Name="Location">[0, 23, 1366, 768]</P>
  <P Name="ZoomFactor">146</P>
  <P Name="ReportName">simulink-default.rpt</P>
  <P Name="SIDHighWatermark">15</P>
  <Block BlockType="SubSystem" Name="Controller" SID="9">
    <PortCounts in="1" out="1"/>
    <P Name="Position">[1260, 362, 1385, 408]</P>
    <P Name="ZOrder">7</P>
    <P Name="LibrarySourceBlock">simulink/User-Defined
Functions/MATLAB Function</P>
    <P Name="ErrorFcn">Stateflow.Translate.translate</P>
    <P Name="PermitHierarchicalResolution">ExplicitOnly</P>
    <P Name="TreatAsAtomicUnit">on</P>
    <P Name="SFBlockType">MATLAB Function</P>
    <P Name="ContentPreviewEnabled">on</P>
    <PortProperties>
      <Port Type="out" Index="1">
        <P Name="PropagatedSignals">C</P>
      </Port>
    </PortProperties>
    <System Ref="system_9"/>
  </Block>
  <Block BlockType="SubSystem" Name="Fault Detection and Isolation" SID="8">
    <PortCounts in="1" out="1"/>
    <P Name="Position">[1100, 359, 1240, 411]</P>
    <P Name="ZOrder">6</P>
    <P Name="LibrarySourceBlock">simulink/User-Defined
Functions/MATLAB Function</P>
    <P Name="ErrorFcn">Stateflow.Translate.translate</P>
    <P Name="PermitHierarchicalResolution">ExplicitOnly</P>
    <P Name="TreatAsAtomicUnit">on</P>
    <P Name="SFBlockType">MATLAB Function</P>
    <P Name="ContentPreviewEnabled">on</P>
    <PortProperties>
      <Port Type="out" Index="1">
        <P Name="PropagatedSignals">currM</P>
      </Port>
    </PortProperties>
    <System Ref="system_8"/>
  </Block>
  <Block BlockType="SubSystem" Name="Multihop Control Network" SID="5">
    <PortCounts in="1" out="2"/>
    <P Name="Position">[955, 370, 1060, 430]</P>
    <P Name="ZOrder">5</P>
    <P Name="ContentPreviewEnabled">on</P>
    <PortProperties>
      <Port Type="out" Index="1">
        <P Name="PropagatedSignals">tfM</P>
      </Port>
      <Port Type="out" Index="2">
        <P Name="PropagatedSignals">pValue</P>
      </Port>
    </PortProperties>
    <System Ref="system_5"/>
  </Block>
  <Line>
    <P Name="ZOrder">5</P>
    <P Name="Src">5#out:1</P>
    <P Name="Dst">8#in:1</P>
  </Line>
  <Line>
    <P Name="ZOrder">6</P>
    <P Name="Src">8#out:1</P>
    <P Name="Dst">9#in:1</P>
  </Line>
  <Line>
    <P Name="ZOrder">10</P>
    <P Name="Src">9#out:1</P>
    <P Name="Points">[19, 0; 0, 98; -478, 0; 0, -83]</P>
    <P Name="Dst">5#in:1</P>
  </Line>
</System>
