<?xml version="1.0" encoding="UTF-8" standalone="yes" ?>
<cp:coreProperties xmlns:cp="http://schemas.openxmlformats.org/package/2006/metadata/core-properties" xmlns:dc="http://purl.org/dc/elements/1.1/" xmlns:dcmitype="http://purl.org/dc/dcmitype/" xmlns:dcterms="http://purl.org/dc/terms/" xmlns:xsi="http://www.w3.org/2001/XMLSchema-instance">
  <cp:category>model</cp:category>
  <dcterms:created xsi:type="dcterms:W3CDTF">2023-05-01T14:25:44Z</dcterms:created>
  <dc:creator>ranafaheemiftikhar</dc:creator>
  <cp:lastModifiedBy>ranafaheemiftikhar</cp:lastModifiedBy>
  <dcterms:modified xsi:type="dcterms:W3CDTF">2022-08-15T22:38:41Z</dcterms:modified>
  <cp:revision>1.0</cp:revision>
  <cp:version>R2022b</cp:version>
</cp:coreProperties>
