<?xml version="1.0" encoding="utf-8"?>
<System>
  <P Name="Location">[309, 89, 1303, 680]</P>
  <P Name="ReportName">simulink-default.rpt</P>
  <P Name="SIDHighWatermark">2</P>
  <Block BlockType="Inport" Name="Input" SID="2">
    <P Name="Position">[290, 158, 320, 172]</P>
    <P Name="ZOrder">177</P>
  </Block>
  <Block BlockType="SubSystem" Name="Reachability Graph" SID="1">
    <PortCounts in="1" out="2"/>
    <P Name="Position">[380, 139, 470, 186]</P>
    <P Name="ZOrder">2</P>
    <P Name="LibrarySourceBlock">simulink/User-Defined
Functions/MATLAB Function</P>
    <P Name="ErrorFcn">Stateflow.Translate.translate</P>
    <P Name="PermitHierarchicalResolution">ExplicitOnly</P>
    <P Name="TreatAsAtomicUnit">on</P>
    <P Name="SFBlockType">MATLAB Function</P>
    <P Name="ContentPreviewEnabled">on</P>
    <PortProperties>
      <Port Type="out" Index="1">
        <P Name="PropagatedSignals">ctrlLaw</P>
      </Port>
      <Port Type="out" Index="2">
        <P Name="PropagatedSignals">tf</P>
      </Port>
    </PortProperties>
    <System Ref="system_1"/>
  </Block>
  <Line>
    <P Name="ZOrder">1</P>
    <P Name="Src">2#out:1</P>
    <P Name="Dst">1#in:1</P>
  </Line>
</System>
