<?xml version="1.0" encoding="UTF-8"?>
<sltp_graph version="1.1" packageUris="http://schema.mathworks.com/mf0/sltp_mm/R2022b_202203181029">
  <sltp.mm.core.Context type="sltp.mm.core.Context" uuid="59bf54b6-f07c-4ecc-ba0d-92d3f43053cc">
    <editorState type="sltp.mm.core.EditorState" uuid="c10c48b9-050a-4c2e-9625-e1abca4feaad">
      <panelState type="sltp.mm.core.EditorPanelState" uuid="5201ec29-d860-4a9c-91ad-6517356a39e8"/>
    </editorState>
    <rootTask type="sltp.mm.core.Task" uuid="ac0027e0-771e-491c-9113-51785a0b8bcd">
      <context type="sltp.mm.core.Context" uuid="59bf54b6-f07c-4ecc-ba0d-92d3f43053cc"/>
      <explicit>false</explicit>
      <name>Default</name>
      <priority>-2147483648</priority>
      <subgraph type="sltp.mm.core.Graph" uuid="9ab03b6f-f7c1-4982-aef2-5ffb0adb7c90"/>
    </rootTask>
  </sltp.mm.core.Context>
</sltp_graph>