<?xml version="1.0" encoding="UTF-8"?>
<sltp_editor version="1.1" packageUris="http://schema.mathworks.com/mf0/DiagramEditor/R2019a_20181107 http://schema.mathworks.com/mf0/SltpSyntax/R2022b_202203181006">
  <sltp.mm.syntax.Context type="sltp.mm.syntax.Context" uuid="7bd73a50-b869-48c3-8a44-6397a5025663">
    <rootGraph type="sltp.mm.syntax.Graph" uuid="a6705287-58f7-4fc0-811f-3645d26e0285">
      <priorityDirection>HighNumberFirst</priorityDirection>
      <title>Default</title>
      <diagramElement type="diagram.editor.model.Diagram" uuid="5e301af8-12d3-4d55-a986-bcc58819d9d5"/>
    </rootGraph>
  </sltp.mm.syntax.Context>
  <diagram.editor.model.Diagram type="diagram.editor.model.Diagram" uuid="5e301af8-12d3-4d55-a986-bcc58819d9d5">
    <syntaxElement type="sltp.mm.syntax.Graph" uuid="a6705287-58f7-4fc0-811f-3645d26e0285"/>
    <title>Default</title>
    <type>graph.Graph</type>
  </diagram.editor.model.Diagram>
</sltp_editor>