<?xml version="1.0" encoding="utf-8"?>
<chart id="9">
  <P Name="name">Multihop Control Network/Observability Graph</P>
  <P Name="windowPosition">[422 539.941 189 413]</P>
  <P Name="viewLimits">[0 156.75 0 153.75]</P>
  <P Name="screen">[1 1 3600 1200 1.180555555555556]</P>
  <P Name="viewObj">9</P>
  <P Name="ssIdHighWaterMark">6</P>
  <P Name="decomposition">CLUSTER_CHART</P>
  <P Name="type">EML_CHART</P>
  <P Name="chartFileNumber">1</P>
  <P Name="disableImplicitCasting">1</P>
  <eml>
    <P Name="name">Go_Tf</P>
  </eml>
  <Children>
    <state SSID="1">
      <P Name="labelString">eML_blk_kernel()</P>
      <P Name="position">[18 64.5 118 66]</P>
      <P Name="fontSize">12</P>
      <P Name="superState">SUBCHART</P>
      <P Name="subviewer">9</P>
      <P Name="type">FUNC_STATE</P>
      <P Name="decomposition">CLUSTER_STATE</P>
      <eml>
        <P Name="isEML">1</P>
        <P Name="script">function [pValue,tf] = Go_Tf(pValue)

s = [1,1,1,2,3,4];
d = [2,3,4,5,5,5];
sched_func = {[1,2],[1,3],[1,4],[2,5],[3,5],[4,5]};
[paths,G] = createGraph(s,d,50);
[tf_empty,transfer_function] = transferFunctionCalculate(paths, sched_func,G);

if tf_empty
    pValue = 0;
    tf = 0; 
else
    tf = transfer_function;
end
</P>
      </eml>
    </state>
    <data SSID="6" name="pValue">
      <P Name="scope">OUTPUT_DATA</P>
      <props>
        <array>
          <P Name="size">-1</P>
        </array>
        <type>
          <P Name="method">SF_INHERITED_TYPE</P>
          <P Name="primitive">SF_DOUBLE_TYPE</P>
          <P Name="isSigned">1</P>
          <P Name="wordLength">16</P>
        </type>
        <P Name="complexity">SF_COMPLEX_INHERITED</P>
        <P Name="frame">SF_FRAME_NO</P>
        <unit>
          <P Name="name">inherit</P>
        </unit>
      </props>
      <P Name="dataType">Inherit: Same as Simulink</P>
    </data>
    <data SSID="4" name="pValue">
      <P Name="scope">INPUT_DATA</P>
      <props>
        <array>
          <P Name="size">-1</P>
        </array>
        <type>
          <P Name="method">SF_INHERITED_TYPE</P>
          <P Name="primitive">SF_DOUBLE_TYPE</P>
        </type>
        <P Name="complexity">SF_COMPLEX_INHERITED</P>
        <unit>
          <P Name="name">inherit</P>
        </unit>
      </props>
      <P Name="dataType">Inherit: Same as Simulink</P>
    </data>
    <data SSID="5" name="tf">
      <P Name="scope">OUTPUT_DATA</P>
      <props>
        <array>
          <P Name="size">-1</P>
        </array>
        <type>
          <P Name="method">SF_INHERITED_TYPE</P>
          <P Name="primitive">SF_DOUBLE_TYPE</P>
        </type>
        <P Name="complexity">SF_COMPLEX_INHERITED</P>
        <P Name="frame">SF_FRAME_NO</P>
        <unit>
          <P Name="name">inherit</P>
        </unit>
      </props>
      <P Name="dataType">Inherit: Same as Simulink</P>
    </data>
    <transition SSID="2">
      <P Name="labelString">{eML_blk_kernel();}</P>
      <P Name="labelPosition">[28.125 13.875 102.544 14.964]</P>
      <P Name="fontSize">12</P>
      <src>
        <P Name="intersection">[0 0 1 0 23.5747 14.625 0 0]</P>
      </src>
      <dst>
        <P Name="SSID">3</P>
        <P Name="intersection">[1 0 -1 0 23.5747 42.5747 0 0]</P>
      </dst>
      <P Name="midPoint">[23.5747 24.9468]</P>
      <P Name="dataLimits">[21.175 25.975 14.625 42.575]</P>
      <P Name="subviewer">9</P>
      <P Name="drawStyle">SMART</P>
      <slide>
        <P Name="sticky">BOTH_STICK</P>
      </slide>
      <P Name="executionOrder">1</P>
    </transition>
    <junction SSID="3">
      <P Name="position">[23.5747 49.5747 7]</P>
      <P Name="subviewer">9</P>
      <P Name="type">CONNECTIVE_JUNCTION</P>
    </junction>
  </Children>
</chart>
