<?xml version="1.0" encoding="utf-8"?>
<Stateflow>
  <machine id="8">
    <P Name="sfVersion">80000051</P>
    <Children>
      <target id="56" name="sfun">
        <P Name="description">Default Simulink S-Function Target.</P>
      </target>
      <chart Ref="chart_9"/>
      <chart Ref="chart_17"/>
      <chart Ref="chart_25"/>
      <chart Ref="chart_32"/>
      <chart Ref="chart_39"/>
      <chart Ref="chart_48"/>
    </Children>
  </machine>
  <instance id="16">
    <P Name="machine">8</P>
    <P Name="name">Multihop Control Network/Observability Graph</P>
    <P Name="chart">9</P>
  </instance>
  <instance id="24">
    <P Name="machine">8</P>
    <P Name="name">Multihop Control Network/Reachability Graph</P>
    <P Name="chart">17</P>
  </instance>
  <instance id="31">
    <P Name="machine">8</P>
    <P Name="name">Fault Detection and Isolation</P>
    <P Name="chart">25</P>
  </instance>
  <instance id="38">
    <P Name="machine">8</P>
    <P Name="name">Controller</P>
    <P Name="chart">32</P>
  </instance>
  <instance id="47">
    <P Name="machine">8</P>
    <P Name="name">Multihop Control Network/MATLAB Function</P>
    <P Name="chart">39</P>
  </instance>
  <instance id="55">
    <P Name="machine">8</P>
    <P Name="name">Multihop Control Network/MATLAB Function1</P>
    <P Name="chart">48</P>
  </instance>
</Stateflow>
